"Firm Name","Website","Email","Pain Point","Draft Email"
Shea Labagh Dobberstein,https://www.sldcpa.com,info@sldcpa.com,"Manual extraction of data from complex, unstructured client source documents into tax preparation software (ProSystem fx).","I saw on your Careers page that Shea Labagh Dobberstein is actively hiring Tax Seniors with ProSystem fx experience to support your growing San Francisco practice. Given this expansion, your senior staff are likely spending excessive billable hours manually extracting and verifying data from unstructured client source documents. Our Universal Document Analysis product can completely automate this data extraction process, seamlessly integrating with your tax software to free up your team's valuable capacity."
SD Mayer & Associates LLP,https://www.sdmayer.com,info@sdmayer.com,Manual data entry and processing of unstructured client documents bottlenecking their Outsourced Accounting practice.,"I was reviewing SD Mayer's Outsourced Accounting services and admire your team's focus on leveraging cloud technology to give Bay Area businesses real-time financial insights. As you grow this customized practice, I imagine managing the manual data entry from unstructured client documents—like diverse invoice formats and receipts—often becomes a frustrating bottleneck for your staff. Our Universal Document Analysis product automatically extracts and categorizes data from any document type, completely eliminating manual entry so your team can focus on strategic advisory work."
Hood & Strong LLP,https://www.hoodstrong.com,info@hoodstrong.com,Managing monthly close and document collection for numerous Client Accounting Services (CAS) clients can be tedious and require heavy manual tracking.,"I noticed on your website that Hood & Strong is growing its Client Accounting Services practice to support Bay Area businesses. As you take on more CAS clients, managing the monthly document collection and manual data entry across disparate systems can quickly become a bottleneck for your team. Our Universal Document Analysis product can automatically ingest, extract, and categorize data from any client document, completely streamlining your month-end processes."
Novogradac & Company LLP,https://www.novoco.com,info@novoco.com,Managing massive tax credit applications and real estate compliance documents.,"I see Novogradac is a national leader in affordable housing and tax credit services. Given the complexity and volume of compliance documents required for tax credit syndication, your team likely spends countless hours manually verifying information across hundreds of pages. Our Universal Document Analysis tool can automatically process and extract the necessary data from heavy real estate and tax credit applications, drastically reducing manual review time."
BPM LLP,https://www.bpm.com,info@bpm.com,Consolidating financial reporting and managing data ingestion for diverse managed services clients.,"I noticed BPM is actively expanding its Managed Services and Corporate Finance offerings to support a broader range of clients. Managing the continuous influx of diverse financial documents and extracting actionable insights for these clients can be incredibly labor-intensive. Our Universal Document Analysis platform can automatically ingest and structure data from any financial document, accelerating your managed services delivery and empowering your advisory team."
Bridgepoint Consulting,https://bridgepointconsulting.com,MediaRelations@addisongroup.com,Manual extraction of data from complex financial documents slowing down advisory processes and increasing overhead.,"I noticed that Bridgepoint Consulting offers top-tier Finance & Accounting Advisory services, helping clients optimize their financial operations and mitigate risks. I imagine that manually extracting data from complex client financial documents can slow down your advisory processes and create unnecessary overhead for your team. CPAAutomation's Universal Document Analysis can automatically process these documents with high accuracy, saving your consultants hours of manual work so they can focus on high-value client advisory."
Maxwell Locke & Ritter,https://www.mlrpc.com,info@mlrpc.com,Highly-trained CPAs spending too much time on repetitive document analysis and manual data entry rather than high-value advisory services.,"I was impressed by Maxwell Locke & Ritter's dedication to providing top-tier CPA and advisory services that truly help clients navigate complex challenges. When delivering such comprehensive financial strategies, experienced professionals often find their time consumed by repetitive data extraction and manual form filling instead of high-value client advising. CPAAutomation's Universal Document Analysis can eliminate this bottleneck by automatically processing routine documents, freeing your team to focus entirely on the advisory work that drives your clients' success."
Holtzman Partners,https://www.holtzmanpartners.com,info@holtzmanpartners.com,As your advisory practice scales—especially following your integration with Armanino—managing and processing the massive influx of unstructured client documents likely creates significant workflow bottlenecks.,"I noticed that Holtzman Partners has built a premier reputation in Austin for delivering top-tier accounting services, particularly your expertise in SOC Compliance and SOX Readiness. As your advisory practice scales—especially following your integration with Armanino—managing and processing the massive influx of unstructured client documents likely creates significant workflow bottlenecks. Our Universal Document Analysis platform automatically extracts and categorizes critical data from these complex files, saving your team hours of manual review each week and accelerating your compliance engagements."
vcfo,https://www.vcfo.com,info@vcfo.com,Manual extraction and organization of financial data from disparate client systems and documents during new engagements.,"I noticed vcfo has successfully completed over 6,000 client engagements by providing highly experienced fractional CFOs and controllers to growing businesses. Given the diverse financial environments your team has to jump into, I imagine manual data extraction from varied client documents can significantly slow down your strategic analysis, which is where CPAAutomation's Universal Document Analysis can help. Our platform automatically parses and structures data from any financial document so your experts can focus on driving value rather than data entry—would you be open to a quick chat?"
Embark,https://embarkwithus.com,paul@embarkwithus.com,Manual extraction of data from complex financial and M&A documents diverts time from high-level advisory work.,"Hi Paul,

As Embark continues to turn complex financial problems into clear solutions for clients from blue chips to boutiques, your advisors likely spend countless hours manually extracting data from dense deal and compliance documents. Our Universal Document Analysis platform eliminates this tedious manual data entry, empowering your teams to extract accurate insights instantly and focus entirely on strategic advisory. I would love to connect and show how CPAAutomation can streamline your firm's document workflows and enhance your Data Analytics & Automation offerings."
Clark Nuber PS,https://clarknuber.com,info@clarknuber.com,"Highly-trained CPAs spending too much time manually extracting data from complex not-for-profit documents (like Form 990s, grant applications, and donor agreements) rather than focusing on high-value philanthropic advisory work.","I noticed that Clark Nuber is hosting the 2026 Western Philanthropy Conference to explore emerging trends for not-for-profit advisors. As your Not-for-Profit practice grows and takes on more complex clients, your team likely spends an inordinate amount of time manually extracting data from lengthy tax-exempt documents and donor agreements instead of focusing on strategic advisory. Our Universal Document Analysis platform can automatically process and categorize these unstructured documents, giving your staff back the time they need to deliver high-value insights to your philanthropic clients."
"Sweeney Conrad, PS",https://sweeneyconrad.com,info@sweeneyconrad.com,Highly trained CPAs spending too much time on manual data extraction from unstructured client documents rather than focusing on high-value advisory work.,"I saw on your About Us page that Sweeney Conrad consistently ranks as a 'Best Place to Work' in Washington by putting 'People First'. To maintain that strong culture while scaling your advisory and tax practices, ensuring your highly-trained CPAs aren't bogged down by the manual extraction of data from complex client documents is likely a priority. Our Universal Document Analysis platform can automatically process and categorize these unstructured documents, freeing your staff from tedious data entry so they can focus on high-value client relationships."
"Greenwood Ohlund, PS",https://greenwoodohlund.com,info@greenwoodohlund.com,Manual extraction of financial data from unstructured client documents bottlenecking their tax and accounting services for closely-held businesses.,"I noticed on your website that Greenwood Ohlund provides highly tailored tax and accounting services to closely-held businesses in the Seattle area. As you manage a diverse portfolio of these business clients, manually extracting data from their varied, unstructured financial documents likely creates a significant workflow bottleneck for your team. Our Universal Document Analysis platform can automatically extract and categorize data from any document type, completely eliminating manual entry so your CPAs can focus on strategic advisory work."
"Hagen, Kurth, Perman & Co., P.S.",https://hkp.com,info@hkp.com,Manual extraction of data from complex client financial documents and K-1s for closely-held businesses and high-net-worth individuals.,"I noticed on your website that Hagen, Kurth, Perman & Co. has a dedicated focus on serving closely-held businesses and high-net-worth individuals in the Seattle area. As your tax and advisory practices support these complex entities, your team likely spends countless billable hours manually extracting data from unstructured client financial documents and K-1s. Our Universal Document Analysis platform can automatically ingest and structure data from any client document, completely eliminating manual entry so your CPAs can focus entirely on strategic advisory."
"Watson & McDonell, PLLC",https://watsonmcdonell.com,info@watsonmcdonell.com,Manual extraction and verification of data across complex non-profit and affordable housing compliance documents.,"I noticed on your website that Watson & McDonell specializes in serving non-profit organizations and managing affordable housing compliance in the Pacific Northwest. Given the complexity of affordable housing tax credits and grant reporting, your team likely spends countless billable hours manually extracting and verifying data across hundreds of pages of unstructured client documents. Our Universal Document Analysis platform can automatically parse and categorize the necessary data from these heavy compliance applications, completely streamlining your review workflows."
